"","pathway","pval","padj","log2err","ES","NES","size","leadingEdge"
"1","HALLMARK_OXIDATIVE_PHOSPHORYLATION",3.10342610307346e-12,7.75856525768364e-11,0.898671232061694,0.436197098977968,2.37848318504728,225,"c(`69772` = ""Bdh2"", `66377` = ""Ndufc1"", `66594` = ""Uqcr11"", `30055` = ""Timm13"", `75406` = ""Ndufs7"", `625249` = ""Gpx4"", `22272` = ""Uqcrq"", `68198` = ""Ndufb2"", `66152` = ""Uqcr10"", `12856` = ""Cox17"", `16828` = ""Ldha"", `66416` = ""Ndufa7"", `140494` = ""Atp6v0a4"", `230075` = ""Ndufb6"", `67126` = ""Atp5e"", `66916` = ""Ndufb7"", `225887` = ""Ndufs8"", `114143` = ""Atp6v0b"", `67264` = ""Ndufb8"", `17991` = ""Ndufa2"", `30057` = ""Timm8b"", `12861` = ""Cox6a1"", `66046` = ""Ndufb5"", `67130` = ""Ndufa6"", `17993` = ""Ndufs4"", 
`24030` = ""Mrps12"", `12868` = ""Cox8a"", `66142` = ""Cox7b"", `228033` = ""Atp5g3"", `27425` = ""Atp5l"", `110446` = ""Acat1"", `12895` = ""Cpt1b"", `66447` = ""Mgst3"", `68194` = ""Ndufb4"", `100041273` = ""Ndufb4c"", `66290` = ""Atp6v1g1"", `407785` = ""Ndufs6"", `12867` = ""Cox7c"", `12857` = ""Cox4i1"", `20930` = ""Surf1"", `66576` = ""Uqcrh"", `11958` = ""Atp5k"", `14297` = ""Fxn"", `94065` = ""Mrpl34"", `66419` = ""Mrpl11"", `12866` = ""Cox7a2"", `12864` = ""Cox6c"", `71760` = ""Etnppl"", `66144` = ""Atp6v1f"", `12858` = ""Cox5a"", `68375` = ""Ndufa8"", 
`68197` = ""Ndufc2"", `55951` = ""Mpc1"", `30056` = ""Timm9"", `67994` = ""Mrps11"", `17713` = ""Grpel1"", `12367` = ""Casp3"", `66925` = ""Sdhd"", `66495` = ""Ndufb3"", `12859` = ""Cox5b"", `110826` = ""Etfb"", `170718` = ""Idh3b"", `27395` = ""Mrpl15"", `64655` = ""Mrps22"", `11950` = ""Atp5pb"", `57423` = ""Atp5j2"", `66407` = ""Mrps15"", `110323` = ""Cox6b1"", `57279` = ""Slc25a20"", `12028` = ""Bax"", `11364` = ""Acadm"", `67680` = ""Sdhb"", `68202` = ""Ndufa5"", `13063` = ""Cycs"", `66043` = ""Atp5d"", `93747` = ""Echs1"", `54405` = ""Ndufa1"", 
`64704` = ""Htra2"", `66091` = ""Ndufa3"", `71679` = ""Atp5h"", `11957` = ""Atp5j"", `72947` = ""Phykpl"", `17992` = ""Ndufa4"", `11409` = ""Acads"", `223696` = ""Tomm22"", `20463` = ""Cox7a2l"", `28080` = ""Atp5o"", `108853` = ""Mtrf1l"", `113868` = ""Acaa1a"", `108664` = ""Atp6v1h"", `66525` = ""Timm50"", `56451` = ""Suclg1"", `69802` = ""Cox11"", `11951` = ""Atp5g1"", `70316` = ""Ndufab1"", `66445` = ""Cyc1"", `11974` = ""Atp6v0e"", `30059` = ""Timm10"", `11740` = ""Slc25a5"", `110842` = ""Etfa"", `14148` = ""Fdx1"", `11739` = ""Slc25a4"", `67530` = ""Uqcrb"", 
`67460` = ""Decr1"", `11973` = ""Atp6v1e1"", `11757` = ""Prdx3"", `72900` = ""Ndufv2"", `50799` = ""Slc25a13"", `68349` = ""Ndufs3"", `381511` = ""Pdp1"", `11949` = ""Atp5c1"", `11984` = ""Atp6v0c"", `21854` = ""Timm17a"", `66052` = ""Sdhc"", `73078` = ""Pmpcb"", `22273` = ""Uqcrc1"", `67563` = ""Ciao3"", `66383` = ""Iscu"")"
"2","HALLMARK_INTERFERON_ALPHA_RESPONSE",1.97178979172084e-05,0.000164315815976736,0.575610261071129,0.380024010980574,1.9354417997214,139,"c(`14963` = ""H2-Bl"", `244183` = ""Trim30b"", `15007` = ""H2-Q10"", `213002` = ""Ifitm6"", `667823` = ""Trim5"", `76681` = ""Trim12a"", `19173` = ""Psmb5"", `211329` = ""Ncoa7"", `100529082` = ""Gm11127"", `100038882` = ""Isg15"", `209387` = ""Trim30d"", `76933` = ""Ifi27l2a"", `69550` = ""Bst2"", `18828` = ""Plscr2"", `67606` = ""Fibin"", `57444` = ""Isg20"", `217845` = ""Ifi27l2b"", `54123` = ""Irf7"", `23961` = ""Oas1b"", `73711` = ""Mvb12a"", `94094` = ""Trim34a"", `16423` = ""Cd47"", `23960` = ""Oas1g"", `667370` = ""Ifit3b"", `15959` = ""Ifit3"", 
`58185` = ""Rsad2"", `16912` = ""Psmb9"", `246728` = ""Oas2"", `17858` = ""Mx2"", `231655` = ""Oasl1"", `22038` = ""Plscr1"", `246730` = ""Oas1a"", `114643` = ""Oas1c"", `16913` = ""Psmb8"", `68487` = ""Tmem140"", `54199` = ""Ccrl2"", `19167` = ""Psma3"", `12370` = ""Casp8"", `15018` = ""H2-Q7"", `67775` = ""Rtp4"", `76074` = ""Gbp8"", `108670` = ""Epsti1"", `20343` = ""Sell"", `19186` = ""Psme1"", `224762` = ""Trim31"", `12799` = ""Cnp"", `15040` = ""H2-T23"", `15039` = ""H2-T22"", `94088` = ""Trim6"", `19188` = ""Psme2"", `16168` = ""Il15"", `15013` = ""H2-Q2"", 
`231712` = ""Trafd1"", `15016` = ""H2-Q5"", `19124` = ""Procr"", `16362` = ""Irf1"")"
"3","HALLMARK_INTERFERON_GAMMA_RESPONSE",5.02423932942344e-05,0.000279124407190191,0.557332238758646,0.301119827563315,1.67619774797893,262,"c(`17748` = ""Mt1"", `667034` = ""Pnp2"", `14963` = ""H2-Bl"", `15007` = ""H2-Q10"", `213002` = ""Ifitm6"", `19173` = ""Psmb5"", `14289` = ""Fpr2"", `15930` = ""Ido1"", `18712` = ""Pim1"", `100529082` = ""Gm11127"", `667373` = ""Ifit1bl1"", `100038882` = ""Isg15"", `20304` = ""Ccl5"", `14293` = ""Fpr1"", `76933` = ""Ifi27l2a"", `69550` = ""Bst2"", `18828` = ""Plscr2"", `67606` = ""Fibin"", `57444` = ""Isg20"", `11861` = ""Arl4a"", `14528` = ""Gch1"", `53620` = ""Vamp5"", `217845` = ""Ifi27l2b"", `140795` = ""P2ry14"", `66552` = ""Sppl2a"", `54123` = ""Irf7"", 
`22271` = ""Upp1"", `12183` = ""Bpgm"", `20454` = ""St3gal5"", `20306` = ""Ccl7"", `23960` = ""Oas1g"", `667370` = ""Ifit3b"", `109552` = ""Sri"", `66307` = ""Isoc1"", `15959` = ""Ifit3"", `12363` = ""Casp4"", `58185` = ""Rsad2"", `12367` = ""Casp3"", `16912` = ""Psmb9"", `246728` = ""Oas2"", `17858` = ""Mx2"", `16169` = ""Il15ra"", `231655` = ""Oasl1"", `22038` = ""Plscr1"", `246730` = ""Oas1a"", `21939` = ""Cd40"", `114643` = ""Oas1c"", `16193` = ""Il6"", `16913` = ""Psmb8"", `12575` = ""Cdkn1a"", `14102` = ""Fas"", `223672` = ""Apol9a"", `19167` = ""Psma3"", 
`12370` = ""Casp8"", `15018` = ""H2-Q7"", `67775` = ""Rtp4"", `20296` = ""Ccl2"", `71664` = ""Mettl7b"", `76074` = ""Gbp8"", `12524` = ""Cd86"", `26445` = ""Psmb2"", `14961` = ""H2-Ab1"", `108670` = ""Epsti1"", `19186` = ""Psme1"", `19171` = ""Psmb10"", `224762` = ""Trim31"", `15040` = ""H2-T23"", `22320` = ""Vamp8"", `15039` = ""H2-T22"", `14129` = ""Fcgr1"", `19166` = ""Psma2"", `19188` = ""Psme2"", `20307` = ""Ccl8"", `12515` = ""Cd69"", `60533` = ""Cd274"", `16168` = ""Il15"", `17750` = ""Mt2"", `72925` = ""Marchf1"", `59027` = ""Nampt"", `15013` = ""H2-Q2"", 
`231712` = ""Trafd1"", `15016` = ""H2-Q5"", `16362` = ""Irf1"", `76654` = ""Upp2"", `15957` = ""Ifit1"", `112419` = ""Ifit1bl2"", `72075` = ""Ogfr"", `12362` = ""Casp1"", `24105` = ""Rbck1"", `19255` = ""Ptpn2"", `15900` = ""Irf8"", `80981` = ""Arl4d"", `18641` = ""Pfkl"", `109032` = ""Sp110"", `70110` = ""Ifi35"", `234311` = ""Ddx60"", `30931` = ""Tor1a"", `12494` = ""Cd38"")"
"4","HALLMARK_REACTIVE_OXIGEN_SPECIES_PATHWAY",0.00824383063109228,0.0228995295308119,0.380730400722792,0.38397259962794,1.66711450856304,59,"c(`625249` = ""Gpx4"", `16477` = ""Junb"", `93692` = ""Glrx"", `53381` = ""Prdx4"", `56615` = ""Mgst1"", `67130` = ""Ndufa6"", `20655` = ""Sod1"", `68194` = ""Ndufb4"", `100041273` = ""Ndufb4c"", `110265` = ""Msra"", `22166` = ""Txn1"", `18104` = ""Nqo1"", `14325` = ""Ftl1"", `59041` = ""Stk25"", `109815` = ""Selenos"", `11927` = ""Atox1"", `112406` = ""Egln2"", `70415` = ""Stk26"", `18477` = ""Prdx1"")"
"5","HALLMARK_MTORC1_SIGNALING",6.45424416583716e-05,0.000322712208291858,0.538434096309916,0.297657404354277,1.65581435607743,264,"c(`667034` = ""Pnp2"", `16415` = ""Itgb2l"", `228775` = ""Trib3"", `19173` = ""Psmb5"", `18030` = ""Nfil3"", `11639` = ""Ak4"", `56312` = ""Nupr1"", `94224` = ""Srd5a2"", `18636` = ""Cfp"", `93692` = ""Glrx"", `74747` = ""Ddit4"", `77974` = ""Rdh12"", `16828` = ""Ldha"", `18036` = ""Nfkbib"", `18655` = ""Pgk1"", `53381` = ""Prdx4"", `228026` = ""Pdk1"", `17436` = ""Me1"", `20525` = ""Slc2a1"", `11674` = ""Aldoa"", `14227` = ""Fkbp2"", `15982` = ""Ifrd1"", `14149` = ""Fdxr"", `23789` = ""Coro1b"", `28146` = ""Serp1"", `231070` = ""Insig1"", `107272` = ""Psat1"", 
`100678` = ""Psph"", `66286` = ""Sec11c"", `15528` = ""Hspe1"", `56418` = ""Ykt6"", `67204` = ""Eif2s2"", `12227` = ""Btg2"", `74776` = ""Ppa2"", `319554` = ""Idi1"", `50527` = ""Ero1a"", `67771` = ""Arpc5"", `15452` = ""Hprt"", `19324` = ""Rab1a"", `112407` = ""Egln3"", `68278` = ""Ddx39a"", `12721` = ""Coro1a"", `21991` = ""Tpi1"", `74192` = ""Arpc5l"", `74117` = ""Actr3"", `12450` = ""Ccng1"", `235293` = ""Sc5d"", `15288` = ""Hmbs"", `26941` = ""Slc9a3r1"", `18477` = ""Prdx1"", `56207` = ""Uchl5"", `13806` = ""Eno1"", `59029` = ""Psmd14"", `12575` = ""Cdkn1a"", 
`17872` = ""Ppp1r15a"", `26397` = ""Map2k3"", `22042` = ""Tfrc"", `78925` = ""Srd5a1"", `19167` = ""Psma3"", `268373` = ""Ppia"", `64136` = ""Sdf2l1"", `110391` = ""Qdpr"", `21753` = ""Tes"", `14884` = ""Gtf2h1"", `22146` = ""Tuba1c"", `27275` = ""Nufip1"", `67890` = ""Ufm1"", `18451` = ""P4ha1"", `22359` = ""Vldlr"", `20322` = ""Sord"", `19769` = ""Rit1"", `67895` = ""Ppa1"", `26754` = ""Cops5"", `66105` = ""Ube2d3"", `11951` = ""Atp5g1"", `12317` = ""Calr"", `73166` = ""Tm7sf2"", `69071` = ""Tmem97"", `14433` = ""Gapdh"", `66143` = ""Eef1e1"", `231887` = ""Pdap1"", 
`59027` = ""Nampt"", `27966` = ""Rrp9"", `23997` = ""Psmd13"", `23996` = ""Psmc4"", `242894` = ""Actr3b"", `27053` = ""Asns"", `12406` = ""Serpinh1"", `105675` = ""Ppif"", `67475` = ""Ero1b"", `20527` = ""Slc2a3"", `13595` = ""Ebp"", `67089` = ""Psmc6"", `66997` = ""Psmd12"", `20491` = ""Sla"", `21399` = ""Tcea1"", `17939` = ""Naga"", `21672` = ""Prdx2"", `13361` = ""Dhfr"", `56529` = ""Sec11a"", `18641` = ""Pfkl"", `13198` = ""Ddit3"", `13032` = ""Ctsc"")"
"6","HALLMARK_GLYCOLYSIS",0.000786982174469823,0.00302685451719163,0.477270815362862,0.285231233714523,1.57659111783711,247,"c(`11727` = ""Ang"", `219033` = ""Ang4"", `272411` = ""B3gnt6"", `11639` = ""Ak4"", `17319` = ""Mif"", `70186` = ""Fam162a"", `12739` = ""Cldn3"", `104009` = ""Qsox1"", `22022` = ""Tpst2"", `93692` = ""Glrx"", `74747` = ""Ddit4"", `16828` = ""Ldha"", `12124` = ""Bik"", `110095` = ""Pygl"", `18655` = ""Pgk1"", `12615` = ""Cenpa"", `218271` = ""B4galt7"", `74246` = ""Gale"", `105785` = ""Kdelr3"", `57875` = ""Angptl4"", `78330` = ""Ndufv3"", `20969` = ""Sdc1"", `57444` = ""Isg20"", `21786` = ""Tff3"", `17436` = ""Me1"", `14635` = ""Galk1"", `12740` = ""Cldn4"", 
`20655` = ""Sod1"", `20856` = ""Stc2"", `11674` = ""Aldoa"", `229782` = ""Slc35a3"", `72727` = ""B3gat3"", `19139` = ""Prps1"", `23959` = ""Nt5e"", `22166` = ""Txn1"", `74241` = ""Chpf"", `80879` = ""Slc16a3"", `56375` = ""B4galt4"", `14734` = ""Gpc3"", `50527` = ""Ero1a"", `112407` = ""Egln3"", `16009` = ""Igfbp3"", `66646` = ""Rpe"", `21991` = ""Tpi1"", `14120` = ""Fbp2"", `21881` = ""Tkt"", `13806` = ""Eno1"", `18648` = ""Pgam1"", `15937` = ""Ier3"", `16164` = ""Il13ra1"", `268373` = ""Ppia"", `29858` = ""Pmm1"", `21351` = ""Taldo1"", `22339` = ""Vegfa"", 
`18451` = ""P4ha1"", `22359` = ""Vldlr"", `56752` = ""Aldh9a1"", `18639` = ""Pfkfb1"", `58810` = ""Akr1a1"", `59046` = ""Arpp19"", `67980` = ""Gnpda2"", `14433` = ""Gapdh"", `18563` = ""Pcx"", `66681` = ""Pgm2"", `12534` = ""Cdk1"", `56205` = ""Ensa"", `23996` = ""Psmc4"", `105675` = ""Ppif"", `50799` = ""Slc25a13"", `331026` = ""Gmppb"", `67475` = ""Ero1b"", `54128` = ""Pmm2"", `69080` = ""Gmppa"", `66052` = ""Sdhc"", `54170` = ""Rragc"", `67005` = ""Polr3k"", `24105` = ""Rbck1"", `216558` = ""Ugp2"", `22122` = ""Gfus"", `18641` = ""Pfkl"", `60406` = ""Sap30"", 
`19052` = ""Ppp2ca"", `27376` = ""Slc25a10"", `13179` = ""Dcn"", `76131` = ""Depdc1a"", `76332` = ""Cog2"", `68137` = ""Kdelr1"", `230163` = ""Aldob"")"
"7","HALLMARK_TNFA_SIGNALING_VIA_NFKB",0.00288294084434646,0.0102962173012374,0.431707695803346,0.26591664099301,1.47981182194462,265,"c(`23849` = ""Klf6"", `107771` = ""Bmyc"", `17940` = ""Naip1"", `16598` = ""Klf2"", `14373` = ""G0s2"", `22113` = ""Phlda2"", `18030` = ""Nfil3"", `15936` = ""Ier2"", `20698` = ""Sphk1"", `23882` = ""Gadd45g"", `20304` = ""Ccl5"", `16477` = ""Junb"", `18793` = ""Plaur"", `11839` = ""Areg"", `17681` = ""Msc"", `227659` = ""Slc2a6"", `20719` = ""Serpinb6a"", `56722` = ""Litaf"", `107885` = ""Mthfs"", `13197` = ""Gadd45a"", `20310` = ""Cxcl2"", `330122` = ""Cxcl3"", `81489` = ""Dnajb1"", `14825` = ""Cxcl1"", `20229` = ""Sat1"", `99929` = ""Tiparp"", 
`14528` = ""Gch1"", `20525` = ""Slc2a1"", `20393` = ""Sgk1"", `20708` = ""Serpinb6b"", `27219` = ""Sgk2"", `56644` = ""Clec7a"", `21807` = ""Tsc22d1"", `13636` = ""Efna1"", `11853` = ""Rhoc"", `18081` = ""Ninj1"", `227613` = ""Tubb4b"", `19252` = ""Dusp1"", `26410` = ""Map3k8"", `12227` = ""Btg2"", `21664` = ""Phlda1"", `11910` = ""Atf3"", `20303` = ""Ccl4"", `21942` = ""Tnfrsf9"", `11852` = ""Rhob"", `12609` = ""Cebpd"", `20311` = ""Cxcl5"", `16169` = ""Il15ra"", `14281` = ""Fos"", `12045` = ""Bcl2a1b"", `12608` = ""Cebpb"", `16193` = ""Il6"", `12575` = ""Cdkn1a"", 
`17133` = ""Maff"", `17872` = ""Ppp1r15a"", `106869` = ""Tnfaip8"", `26397` = ""Map2k3"", `15937` = ""Ier3"", `16175` = ""Il1a"", `54199` = ""Ccrl2"", `20296` = ""Ccl2"", `21950` = ""Tnfsf9"", `224109` = ""Nrros"", `22339` = ""Vegfa"", `12519` = ""Cd80"", `12044` = ""Bcl2a1a"", `11848` = ""Rhoa"", `22359` = ""Vldlr"", `230734` = ""Yrdc"", `18639` = ""Pfkfb1"", `20918` = ""Eif1"", `15200` = ""Hbegf"", `12047` = ""Bcl2a1d"", `20307` = ""Ccl8"", `12981` = ""Csf2"", `20971` = ""Sdc4"", `12515` = ""Cd69"", `75234` = ""Rnf19b"", `71712` = ""Dram1"", `59027` = ""Nampt"", 
`15370` = ""Nr4a1"", `240672` = ""Dusp5"", `16176` = ""Il1b"", `22695` = ""Zfp36"")"
"8","HALLMARK_DNA_REPAIR",0.00361880590496339,0.012062686349878,0.431707695803346,0.27653368992293,1.46302283063683,178,"c(`667034` = ""Pnp2"", `69168` = ""Bola1"", `64143` = ""Ralb"", `625249` = ""Gpx4"", `17749` = ""Polr2k"", `12856` = ""Cox17"", `66162` = ""Bola2"", `11486` = ""Ada"", `214150` = ""Ago3"", `18103` = ""Nme2"", `11821` = ""Aprt"", `20018` = ""Polr1d"", `69745` = ""Pold4"", `56334` = ""Tmed2"", `66420` = ""Polr2e"", `68240` = ""Rpa3"", `235459` = ""Gtf2a2"", `59022` = ""Edf1"", `20930` = ""Surf1"", `69920` = ""Polr2i"", `76025` = ""Cant1"", `18102` = ""Nme1"", `15452` = ""Hprt"", `268395` = ""Mpg"", `70456` = ""Mpc2"", `66467` = ""Gtf2h5"", `57813` = ""Tk2"", 
`79059` = ""Nme3"", `20922` = ""Supt4a"", `22171` = ""Tyms"", `330192` = ""Vps37b"", `107569` = ""Nt5c3"", `23917` = ""Impdh1"", `50773` = ""Nt5c"", `245841` = ""Polr2h"", `78653` = ""Bola3"", `54722` = ""Gsdme"", `14884` = ""Gtf2h1"", `18100` = ""Mrpl40"", `107986` = ""Ddb2"", `20022` = ""Polr2j"", `53378` = ""Sdcbp"", `69241` = ""Polr2d"", `14923` = ""Guk1"", `72151` = ""Rfc5"", `26370` = ""Cetn2"", `99730` = ""Taf13"", `20918` = ""Eif1"", `20016` = ""Polr1c"", `106344` = ""Rfc4"", `56438` = ""Rbx1"", `13870` = ""Ercc1"", `110074` = ""Dut"", `56436` = ""Adrm1"", 
`66653` = ""Brf2"", `66406` = ""Sac3d1"", `66979` = ""Pole4"", `108143` = ""Taf9"", `20021` = ""Polr2c"", `74167` = ""Nudt9"", `72749` = ""Tonsl"", `229906` = ""Gtf2b"", `27061` = ""Bcap31"", `56044` = ""Rala"", `16434` = ""Itpa"", `20908` = ""Stx3"", `19361` = ""Rad51"", `27632` = ""Nelfe"", `66464` = ""Taf12"", `21357` = ""Tarbp2"", `330959` = ""Snapc5"", `18970` = ""Polb"", `24075` = ""Taf10"", `105446` = ""Gmpr2"", `72269` = ""Cda"", `19891` = ""Rpa2"", `20907` = ""Stx1a"", `67710` = ""Polr2g"", `52696` = ""Zwint"", `19718` = ""Rfc2"", `54208` = ""Arl6ip1"", 
`19365` = ""Rad52"", `58202` = ""Nelfb"", `22088` = ""Tsg101"", `69263` = ""Rfc3"", `68969` = ""Eif1b"", `18971` = ""Pold1"", `18578` = ""Pde4b"", `67967` = ""Pold3"", `18538` = ""Pcna"", `67897` = ""Rnmt"", `69870` = ""Polr3gl"", `21681` = ""Alyref"", `56520` = ""Nme4"", `11636` = ""Ak1"", `20384` = ""Srsf5"")"
"9","HALLMARK_MYC_TARGETS_V1",0.00468954657155818,0.013826360422017,0.407017918923954,0.263772613511218,1.45451101655197,238,"c(`107771` = ""Bmyc"", `227231` = ""Cps1"", `16828` = ""Ldha"", `18103` = ""Nme2"", `68436` = ""Rpl34"", `18655` = ""Pgk1"", `66094` = ""Lsm7"", `381404` = ""Pabpc1l"", `53381` = ""Prdx4"", `11837` = ""Rplp0"", `18393` = ""Orc2"", `68011` = ""Snrpg"", `14694` = ""Rack1"", `67097` = ""Rps10"", `52530` = ""Nhp2"", `51788` = ""H2az1"", `15982` = ""Ifrd1"", `27050` = ""Rps3"", `11777` = ""Ap3s1"", `20103` = ""Rps5"", `69692` = ""Hddc2"", `59001` = ""Pole3"", `18102` = ""Nme1"", `19935` = ""Mrpl23"", `15528` = ""Hspe1"", `67115` = ""Rpl14"", `67204` = ""Eif2s2"", 
`20174` = ""Ruvbl2"", `26444` = ""Psma7"", `53379` = ""Hnrnpa2b1"", `78523` = ""Mrpl9"", `68981` = ""Snrpa1"", `11431` = ""Acp1"", `15452` = ""Hprt"", `12858` = ""Cox5a"", `19899` = ""Rpl18"", `19934` = ""Rpl22"", `79059` = ""Nme3"", `19384` = ""Ran"", `22171` = ""Tyms"", `107686` = ""Snrpd2"", `18477` = ""Prdx1"", `13682` = ""Eif4a2"", `20641` = ""Snrpd1"", `23917` = ""Impdh1"", `12729` = ""Clns1a"", `59029` = ""Psmd14"", `55949` = ""Eef1b2"", `13877` = ""Erh"", `17218` = ""Mcm5"", `27756` = ""Lsm2"", `26443` = ""Psma6"", `19988` = ""Rpl6"", `268373` = ""Ppia"", 
`56150` = ""Mad2l1"", `381760` = ""Ssbp1"", `26446` = ""Psmb3"", `20104` = ""Rps6"", `26445` = ""Psmb2"", `22627` = ""Ywhae"", `18972` = ""Pold2"", `22327` = ""Vbp1"", `27366` = ""Txnl4a"", `20639` = ""Snrpb2"", `66235` = ""Eif1ax"", `19166` = ""Psma2"", `106344` = ""Rfc4"", `13665` = ""Eif2s1"", `26754` = ""Cops5"", `12464` = ""Cct4"", `70316` = ""Ndufab1"", `67332` = ""Snrpd3"", `18263` = ""Odc1"", `66445` = ""Cyc1"", `110074` = ""Dut"", `50995` = ""Uba2"", `28126` = ""Nop16"", `11757` = ""Prdx3"", `12534` = ""Cdk1"", `27966` = ""Rrp9"", `23996` = ""Psmc4"", 
`105675` = ""Ppif"", `16898` = ""Rps2"", `66118` = ""Sarnp"")"
"10","HALLMARK_P53_PATHWAY",0.00470096254348577,0.013826360422017,0.407017918923954,0.253934405361695,1.40636651840359,255,"c(`99663` = ""Clca4a"", `75747` = ""Sesn3"", `21987` = ""Tpd52l1"", `319192` = ""H2ac19"", `228775` = ""Trib3"", `16598` = ""Klf2"", `15267` = ""H2ac18"", `54217` = ""Rpl36"", `20698` = ""Sphk1"", `23882` = ""Gadd45g"", `70186` = ""Fam162a"", `56312` = ""Nupr1"", `319164` = ""H2ac6"", `55948` = ""Sfn"", `74747` = ""Ddit4"", `11486` = ""Ada"", `20042` = ""Rps12"", `21953` = ""Tnni2"", `18590` = ""Pdgfa"", `13197` = ""Gadd45a"", `20194` = ""S100a10"", `67941` = ""Rps27l"", `20969` = ""Sdc1"", `20198` = ""S100a4"", `259277` = ""Klk8"", `20229` = ""Sat1"", 
`14694` = ""Rack1"", `13830` = ""Stom"", `12578` = ""Cdkn2a"", `15254` = ""Hint1"", `100043813` = ""Rps27rt"", `14149` = ""Fdxr"", `53619` = ""Blcap"", `72065` = ""Rap2c"", `64058` = ""Perp"", `70484` = ""Slc35d2"", `22271` = ""Upp1"", `21807` = ""Tsc22d1"", `18081` = ""Ninj1"", `68755` = ""Cgrrf1"", `232440` = ""H2aj"", `17246` = ""Mdm2"", `80797` = ""Clca3a2"", `12722` = ""Clca3a1"", `68558` = ""Ankra2"", `12227` = ""Btg2"", `11910` = ""Atf3"", `15461` = ""Hras"", `50708` = ""H1f2"", `16970` = ""Irag2"", `12795` = ""Plk3"", `19899` = ""Rpl18"", 
`76500` = ""Ip6k2"", `12450` = ""Ccng1"", `99709` = ""Clca4b"", `69076` = ""Triap1"", `23853` = ""Def6"", `14281` = ""Fos"", `170742` = ""Sertad3"", `57294` = ""Rps27"", `12575` = ""Cdkn1a"", `14102` = ""Fas"", `17872` = ""Ppp1r15a"", `12579` = ""Cdkn2b"", `15937` = ""Ier3"", `12028` = ""Bax"", `16175` = ""Il1a"")"
"11","HALLMARK_COAGULATION",0.0160188735616617,0.0381401751468136,0.352487857583619,0.271706289490174,1.39898171904778,146,"c(`11727` = ""Ang"", `67603` = ""Dusp6"", `11813` = ""Apoc2"", `14058` = ""F10"", `17394` = ""Mmp8"", `219033` = ""Ang4"", `20196` = ""S100a13"", `16952` = ""Anxa1"", `15451` = ""Hpn"", `13039` = ""Ctsl"", `13036` = ""Ctsh"", `20193` = ""S100a1"", `11844` = ""Arf5"", `14089` = ""Fap"", `259277` = ""Klk8"", `22041` = ""Trf"", `56744` = ""Pf4"", `14696` = ""Gnb4"", `17393` = ""Mmp7"", `56644` = ""Clec7a"", `93732` = ""Acox2"")"
"12","HALLMARK_HYPOXIA",0.0140583401974598,0.0369956320985784,0.380730400722792,0.24336109382818,1.34620697145315,249,"c(`17748` = ""Mt1"", `23849` = ""Klf6"", `109042` = ""Cavin3"", `18030` = ""Nfil3"", `12576` = ""Cdkn1b"", `11639` = ""Ak4"", `231507` = ""Plac8"", `17319` = ""Mif"", `70186` = ""Fam162a"", `18712` = ""Pim1"", `54683` = ""Prdx5"", `76238` = ""Grhpr"", `22022` = ""Tpst2"", `76459` = ""Car12"", `18793` = ""Plaur"", `93692` = ""Glrx"", `74747` = ""Ddit4"", `16828` = ""Ldha"", `110095` = ""Pygl"", `18655` = ""Pgk1"", `12177` = ""Bnip3l"", `105785` = ""Kdelr3"", `13008` = ""Csrp2"", `57875` = ""Angptl4"", `20198` = ""S100a4"", `11535` = ""Adm"", `14219` = ""Ccn2"", 
`228026` = ""Pdk1"", `57444` = ""Isg20"", `14635` = ""Galk1"", `12452` = ""Ccng2"", `20856` = ""Stc2"", `99929` = ""Tiparp"", `20525` = ""Slc2a1"", `11674` = ""Aldoa"", `16948` = ""Lox"", `21985` = ""Tpd52"", `13636` = ""Efna1"", `12306` = ""Anxa2"", `19252` = ""Dusp1"", `216136` = ""Ilvbl"", `11910` = ""Atf3"", `14734` = ""Gpc3"", `50527` = ""Ero1a"", `107817` = ""Jmjd6"", `16009` = ""Igfbp3"", `21991` = ""Tpi1"", `14120` = ""Fbp2"", `21881` = ""Tkt"", `14281` = ""Fos"", `13806` = ""Eno1"", `68961` = ""Phkg2"", `16193` = ""Il6"", `12575` = ""Cdkn1a"", 
`17133` = ""Maff"", `18648` = ""Pgam1"", `17872` = ""Ppp1r15a"", `17035` = ""Lxn"", `15937` = ""Ier3"")"
"13","HALLMARK_ESTROGEN_RESPONSE_EARLY",0.015096855359619,0.0377421383990476,0.380730400722792,-0.248595870360399,-1.35059518439613,246,"c(`59020` = ""Pdzk1"", `16665` = ""Krt15"", `331046` = ""Tgm4"", `432530` = ""Adcy1"", `12614` = ""Celsr1"", `58208` = ""Bcl11b"", `78286` = ""Nav2"", `20510` = ""Slc1a1"", `215690` = ""Nav1"", `26458` = ""Slc27a2"", `227377` = ""Farp2"", `11835` = ""Ar"", `328329` = ""Mast4"", `268480` = ""Rapgefl1"", `268860` = ""Abat"", `11514` = ""Adcy8"", `53883` = ""Celsr2"", `53791` = ""Tlr5"", `240168` = ""Rasgrp3"", `22153` = ""Tubb4a"", `18166` = ""Npy1r"", `268379` = ""Abca13"", `21844` = ""Tiam1"", `268903` = ""Nrip1"", `12043` = ""Bcl2"", `76199` = ""Med13l"", 
`15460` = ""Hr"", `142688` = ""Asb13"", `327987` = ""Med13"", `11987` = ""Slc7a1"", `24001` = ""Tiam2"", `77411` = ""Esrp2"", `226101` = ""Myof"", `12398` = ""Cbfa2t3"", `97998` = ""Deptor"", `20185` = ""Ncor1"", `381269` = ""Mreg"", `229504` = ""Isg20l2"", `94249` = ""Slc24a3"", `223254` = ""Farp1"", `16337` = ""Insr"", `207596` = ""Thsd4"", `20112` = ""Rps6ka2"", `54608` = ""Abhd2"", `106957` = ""Slc39a6"", `228839` = ""Tgif2"", `23989` = ""Med24"", `17829` = ""Muc1"", `16195` = ""Il6st"", `107094` = ""Rrp12"", `13709` = ""Elf1"", `74694` = ""Tbc1d30"", 
`11515` = ""Adcy9"", `73710` = ""Tubb2b"", `16001` = ""Igf1r"", `17776` = ""Mast2"", `384059` = ""Tlr12"", `56177` = ""Olfm1"", `209497` = ""Tmem164"", `230674` = ""Kdm4a"", `18432` = ""Mybbp1a"", `17863` = ""Myb"", `17355` = ""Aff1"", `320398` = ""Lrig3"", `71529` = ""Kazn"", `14025` = ""Bcl11a"", `110651` = ""Rps6ka3"", `260315` = ""Nav3"", `20682` = ""Sox9"", `20539` = ""Slc7a5"", `193796` = ""Kdm4b"", `13521` = ""Slc26a2"", `19419` = ""Rasgrp1"", `21815` = ""Tgif1"", `19334` = ""Rab22a"", `621603` = ""Aldh3b2"", `27410` = ""Abca3"", `11512` = ""Adcy6"", 
`76804` = ""Kdm4c"", `286940` = ""Flnb"", `226251` = ""Ablim1"", `16451` = ""Jak1"", `93736` = ""Aff4"", `12396` = ""Cbfa2t2"", `11640` = ""Akap1"", `236920` = ""Stard8"", `12443` = ""Ccnd1"", `22154` = ""Tubb5"", `269473` = ""Lrig2"")"
"14","HALLMARK_TGF_BETA_SIGNALING",0.0209717606429267,0.0476630923702879,0.352487857583619,-0.323659301990839,-1.50921821914908,91,"c(`20741` = ""Sptb"", `20743` = ""Sptbn2"", `12561` = ""Cdh4"", `11789` = ""Apc"", `15258` = ""Hipk2"", `55994` = ""Smad9"", `216080` = ""Ube2d1"", `12168` = ""Bmpr2"", `20740` = ""Sptan1"", `18553` = ""Pcsk6"", `17130` = ""Smad6"", `19043` = ""Ppm1b"", `94093` = ""Trim33"", `20185` = ""Ncor1"", `108075` = ""Ltbp4"", `228839` = ""Tgif2"", `20481` = ""Ski"", `15257` = ""Hipk1"", `269275` = ""Acvr1c"", `17127` = ""Smad3"", `21828` = ""Thbs4"", `21848` = ""Trim24"", `15182` = ""Hdac2"", `15259` = ""Hipk3"", `21873` = ""Tjp2"", `11477` = ""Acvr1"", `17125` = ""Smad1"", 
`17131` = ""Smad7"", `12560` = ""Cdh3"", `21872` = ""Tjp1"", `12387` = ""Ctnnb1"", `16480` = ""Jup"", `17129` = ""Smad5"", `20742` = ""Sptbn1"", `21815` = ""Tgif1"", `19334` = ""Rab22a"", `20516` = ""Slc20a2"")"
"15","HALLMARK_G2M_CHECKPOINT",0.000337703670595364,0.00153501668452438,0.49849310876659,-0.287219118294544,-1.57036399099045,259,"c(`15260` = ""Hira"", `12190` = ""Brca2"", `22288` = ""Utrn"", `18973` = ""Pole"", `18128` = ""Notch1"", `53817` = ""Ddx39b"", `226525` = ""Rasal2"", `19704` = ""Upf1"", `13018` = ""Ctcf"", `21973` = ""Top2a"", `210106` = ""Tent4a"", `240641` = ""Kif20b"", `18193` = ""Nsd1"", `71375` = ""Foxn3"", `12571` = ""Cdk6"", `21887` = ""Tle3"", `17345` = ""Mki67"", `74326` = ""Hnrnpr"", `71521` = ""Pds5a"", `17268` = ""Meis1"", `20588` = ""Smarcc1"", `108000` = ""Cenpf"", `105727` = ""Slc38a1"", `15526` = ""Hspa9"", `21969` = ""Top1"", `12051` = ""Bcl3"", 
`269966` = ""Nup98"", `78733` = ""Troap"", `240057` = ""Syngap1"", `16211` = ""Kpnb1"", `11987` = ""Slc7a1"", `56403` = ""Syncrip"", `24061` = ""Smc1a"", `17219` = ""Mcm6"", `21974` = ""Top2b"", `238799` = ""Tnpo1"", `21917` = ""Tmpo"", `16201` = ""Ilf3"", `22589` = ""Atrx"", `14030` = ""Ewsr1"", `14055` = ""Ezh1"", `71514` = ""Sfpq"", `18129` = ""Notch2"", `26885` = ""Casp8ap2"", `16573` = ""Kif5b"", `22137` = ""Ttk"", `18131` = ""Notch3"", `17215` = ""Mcm3"", `13555` = ""E2f1"", `11350` = ""Abl1"", `238247` = ""Arid4a"", `17127` = ""Smad3"", `16563` = ""Kif2a"", 
`16882` = ""Lig3"", `231912` = ""Katnal1"", `71653` = ""Shtn1"", `107823` = ""Nsd2"", `68094` = ""Smarcc2"", `12530` = ""Cdc25a"", `14056` = ""Ezh2"", `21888` = ""Tle4"", `27221` = ""Chaf1a"", `101706` = ""Numa1"", `51810` = ""Hnrnpu"", `11352` = ""Abl2"", `17975` = ""Ncl"", `229841` = ""Cenpe"", `234135` = ""Nsd3"", `231386` = ""Ythdc1"", `11991` = ""Hnrnpd"", `14211` = ""Smc2"", `26416` = ""Mapk14"", `23834` = ""Cdc6"", `22427` = ""Wrn"", `72119` = ""Tpx2"", `13557` = ""E2f3"", `69601` = ""Dab2ip"", `20539` = ""Slc7a5"", `17536` = ""Meis2"", `209737` = ""Kif15"", 
`56275` = ""Rbm14"", `16907` = ""Lmnb2"", `16906` = ""Lmnb1"", `20744` = ""Strbp"", `99375` = ""Cul4a"", `17216` = ""Mcm2"", `16551` = ""Kif11"", `103573` = ""Xpo1"", `217232` = ""Cdc27"", `12021` = ""Bard1"", `12443` = ""Ccnd1"", `105988` = ""Espl1"", `26554` = ""Cul3"", `18472` = ""Pafah1b1"", `110809` = ""Srsf1"", `13497` = ""Drp2"", `73804` = ""Kif2c"", `27041` = ""G3bp1"", `235344` = ""Sik2"", `13640` = ""Efna5"", `15574` = ""Hus1"", `12544` = ""Cdc45"", `16571` = ""Kif4"", `19651` = ""Rbl2"", `72584` = ""Cul4b"", `19290` = ""Pura"", `77782` = ""Polq"", 
`212999` = ""Tnpo2"", `17118` = ""Marcks"", `18286` = ""Odf2"", `233406` = ""Prc1"", `18141` = ""Nup50"", `50724` = ""Sap30l"", `104394` = ""E2f4"", `16319` = ""Incenp"", `17691` = ""Sik1"", `20496` = ""Slc12a2"", `50927` = ""Nasp"", `18854` = ""Pml"", `319190` = ""H2bc21"", `20842` = ""Stag1"", `18817` = ""Plk1"", `52563` = ""Cdc23"", `76464` = ""Knl1"")"
"16","HALLMARK_MYOGENESIS",0.000663105350710684,0.00276293896129452,0.477270815362862,-0.293154697047341,-1.5891282082394,244,"c(`17901` = ""Myl1"", `13527` = ""Dtna"", `17260` = ""Mef2c"", `12372` = ""Casq1"", `78286` = ""Nav2"", `16773` = ""Lama2"", `22288` = ""Utrn"", `215690` = ""Nav1"", `13400` = ""Dmpk"", `235611` = ""Plxnb1"", `20411` = ""Sorbs1"", `13848` = ""Ephb6"", `17880` = ""Myh11"", `12322` = ""Camk2a"", `53975` = ""Ddx20"", `18128` = ""Notch1"", `68553` = ""Col6a4"", `56264` = ""Cpxm1"", `21676` = ""Tead1"", `14081` = ""Acsl1"", `58226` = ""Cacna1h"", `55987` = ""Cpxm2"", `18844` = ""Plxna1"", `18846` = ""Plxna3"", `83679` = ""Pde4dip"", `12554` = ""Cdh13"", 
`11489` = ""Adam12"", `110078` = ""Pygb"", `54411` = ""Atp6ap1"", `243743` = ""Plxna4"", `20740` = ""Sptan1"", `11820` = ""App"", `11567` = ""Avil"", `17967` = ""Ncam1"", `14613` = ""Gja5"", `17912` = ""Myo1b"", `16795` = ""Large1"", `11938` = ""Atp2a2"", `67784` = ""Plxnd1"", `20250` = ""Scd2"", `19645` = ""Rb1"", `23796` = ""Aplnr"", `208727` = ""Hdac4"", `12830` = ""Col4a5"", `76954` = ""Denn2b"", `18129` = ""Notch2"", `107581` = ""Col16a1"", `14681` = ""Gnao1"", `75216` = ""Cep128"", `18131` = ""Notch3"", `71994` = ""Cnn3"", `12224` = ""Klf5"", 
`93759` = ""Sirt1"", `11515` = ""Adcy9"", `54601` = ""Foxo4"", `77579` = ""Myh10"", `71960` = ""Myh14"", `18845` = ""Plxna2"", `12062` = ""Bdkrb2"", `13846` = ""Ephb4"", `216739` = ""Acsl6"", `77559` = ""Agl"", `13838` = ""Epha4"", `209773` = ""Dennd2a"", `13844` = ""Ephb2"", `17929` = ""Myom1"", `12491` = ""Cd36"", `12819` = ""Col15a1"", `13866` = ""Erbb2"", `14245` = ""Lpin1"", `107589` = ""Mylk"", `12831` = ""Col5a1"", `260315` = ""Nav3"", `50795` = ""Sh3bgr"", `18126` = ""Nos2"", `74320` = ""Wdr33"", `11443` = ""Chrnb1"", `22354` = ""Vipr1"", 
`13841` = ""Epha7"", `17258` = ""Mef2a"", `16511` = ""Kcnh2"", `226251` = ""Ablim1"", `12826` = ""Col4a1"", `71355` = ""Col24a1"", `338367` = ""Myo1d"", `29856` = ""Smtn"", `109711` = ""Actn1"", `13497` = ""Drp2"", `12834` = ""Col6a2"", `11492` = ""Adam19"", `13867` = ""Erbb3"", `12827` = ""Col4a2"")"
"17","HALLMARK_APICAL_JUNCTION",2.94919312260486e-05,0.000210656651614633,0.575610261071129,-0.315520761180661,-1.73656404228851,268,"c(`17996` = ""Neb"", `67252` = ""Cap2"", `12805` = ""Cntn1"", `18189` = ""Nrxn1"", `18488` = ""Cntn3"", `12821` = ""Col17a1"", `11502` = ""Adam9"", `12561` = ""Cdh4"", `18763` = ""Pkd1"", `14119` = ""Fbn2"", `17880` = ""Myh11"", `12840` = ""Col9a2"", `230810` = ""Slc30a2"", `14086` = ""Fscn1"", `16367` = ""Irs1"", `50915` = ""Grb14"", `229715` = ""Amigo1"", `13204` = ""Dhx15"", `22324` = ""Vav1"", `20336` = ""Exoc4"", `71740` = ""Nectin4"", `22329` = ""Vcam1"", `68810` = ""Nexn"", `22325` = ""Vav2"", `20563` = ""Slit2"", `18515` = ""Pbx2"", `234779` = ""Plcg2"", 
`216856` = ""Nlgn2"", `16331` = ""Inpp5d"", `54216` = ""Pcdh7"", `319480` = ""Itga11"", `242409` = ""Tmem8b"", `14026` = ""Evl"", `13383` = ""Dlg1"", `12830` = ""Col4a5"", `22330` = ""Vcl"", `217207` = ""Dhx8"", `57257` = ""Vav3"", `107581` = ""Col16a1"", `235130` = ""Adamts15"", `18015` = ""Nf1"", `57278` = ""Bcam"", `12388` = ""Ctnnd1"", `110380` = ""Shroom2"", `381921` = ""Taok2"", `18710` = ""Pik3r3"", `18645` = ""Pfn2"", `330177` = ""Taok3"", `21828` = ""Thbs4"", `68188` = ""Sympk"", `64930` = ""Tsc1"", `77579` = ""Myh10"", `71960` = ""Myh14"", 
`21873` = ""Tjp2"", `69847` = ""Wnk4"", `264064` = ""Cdk8"", `64340` = ""Dhx38"", `18708` = ""Pik3r1"", `18803` = ""Plcg1"", `12560` = ""Cdh3"", `26411` = ""Map4k1"", `170761` = ""Pdzd3"", `26416` = ""Mapk14"", `13866` = ""Erbb2"", `71978` = ""Ppp2r2a"", `269587` = ""Epb41"", `12831` = ""Col5a1"", `21872` = ""Tjp1"", `94332` = ""Cadm3"", `226519` = ""Lamc1"", `74769` = ""Pik3cb"", `93737` = ""Pard6g"", `20163` = ""Rsu1"", `12387` = ""Ctnnb1"", `65970` = ""Lima1"", `18706` = ""Pik3ca"", `13406` = ""Dmp1"", `19211` = ""Pten"", `12385` = ""Ctnna1"", 
`216965` = ""Taok1"", `104099` = ""Itga9"", `16480` = ""Jup"", `218397` = ""Rasa1"", `57342` = ""Parva"", `16774` = ""Lama3"", `286940` = ""Flnb"", `18514` = ""Pbx1"", `16511` = ""Kcnh2"", `14677` = ""Gnai1"", `20970` = ""Sdc3"", `54126` = ""Arhgef7"", `12826` = ""Col4a1"", `58235` = ""Nectin1"", `18016` = ""Nf2"", `71355` = ""Col24a1"", `109711` = ""Actn1"", `18707` = ""Pik3cd"", `239096` = ""Cdh24"", `73341` = ""Arhgef6"", `11944` = ""Atp4a"", `13867` = ""Erbb3"", `12827` = ""Col4a2"", `109700` = ""Itga1"", `225028` = ""Map4k3"", `269116` = ""Nfasc"", 
`12843` = ""Col1a2"", `14083` = ""Ptk2"", `17886` = ""Myh9"", `12550` = ""Cdh1"", `22637` = ""Zap70"", `20779` = ""Src"", `18613` = ""Pecam1"", `26412` = ""Map4k2"", `73178` = ""Wasl"", `60595` = ""Actn4"")"
"18","HALLMARK_UV_RESPONSE_DN",6.36114891598681e-08,7.95143614498352e-07,0.704975715167238,-0.365318568014169,-1.9675637259755,234,"c(`67252` = ""Cap2"", `252875` = ""Mios"", `19273` = ""Ptpru"", `19281` = ""Ptprt"", `223435` = ""Trio"", `18128` = ""Notch1"", `17755` = ""Map1b"", `330814` = ""Adgrl1"", `16367` = ""Irs1"", `23938` = ""Map2k5"", `16590` = ""Kit"", `210106` = ""Tent4a"", `217692` = ""Sipa1l1"", `381290` = ""Atp2b4"", `22324` = ""Vav1"", `13170` = ""Dbp"", `17250` = ""Abcc1"", `17344` = ""Pias2"", `328108` = ""Togaram1"", `50791` = ""Magi2"", `11990` = ""Atrn"", `57810` = ""Cdon"", `219140` = ""Spata13"", `110593` = ""Prdm2"", `19250` = ""Ptpn14"", `16772` = ""Lama1"", 
`22325` = ""Vav2"", `20272` = ""Scn7a"", `268977` = ""Ltbp1"", `18751` = ""Prkcb"", `239273` = ""Abcc4"", `18033` = ""Nfkb1"", `11987` = ""Slc7a1"", `69131` = ""Cdk12"", `69562` = ""Cdk13"", `12290` = ""Cacna1e"", `71175` = ""Nipbl"", `16532` = ""Kcnu1"", `67972` = ""Atp2b1"", `20181` = ""Rxra"", `22589` = ""Atrx"", `13383` = ""Dlg1"", `16337` = ""Insr"", `12830` = ""Col4a5"", `226751` = ""Cdc42bpa"", `106583` = ""Scaf8"", `18129` = ""Notch2"", `57257` = ""Vav3"", `12394` = ""Runx1"", `107581` = ""Col16a1"", `14369` = ""Fzd7"", `12978` = ""Csf1r"", 
`52915` = ""Zmiz2"", `18131` = ""Notch3"", `14007` = ""Celf2"", `66549` = ""Aggf1"", `24000` = ""Ptpn21"", `56469` = ""Pias1"", `17127` = ""Smad3"", `18710` = ""Pik3r3"", `328365` = ""Zmiz1"", `20238` = ""Atxn1"", `18186` = ""Nrp1"", `18034` = ""Nfkb2"", `18798` = ""Plcb4"", `17388` = ""Mmp15"", `13548` = ""Dyrk1a"", `16001` = ""Igf1r"", `23942` = ""Mta2"", `18028` = ""Nfib"", `21873` = ""Tjp2"", `18754` = ""Prkce"", `18187` = ""Nrp2"", `104015` = ""Synj1"", `18708` = ""Pik3r1"", `17131` = ""Smad7"", `21814` = ""Tgfbr3"", `217866` = ""Cdc42bpb"", 
`231386` = ""Ythdc1"", `319387` = ""Adgrl3"", `234515` = ""Inpp4b"", `26416` = ""Mapk14"", `13866` = ""Erbb2"", `54650` = ""Sfmbt1"", `12831` = ""Col5a1"", `213109` = ""Phf3"", `21872` = ""Tjp1"", `64009` = ""Syne1"", `226519` = ""Lamc1"", `74769` = ""Pik3cb"", `18706` = ""Pik3ca"", `17387` = ""Mmp14"", `19211` = ""Pten"", `17295` = ""Met"", `12288` = ""Cacna1c"", `74320` = ""Wdr33"", `11480` = ""Acvr2a"", `99633` = ""Adgrl2"", `19087` = ""Prkar2a"", `12064` = ""Bdnf"", `16011` = ""Igfbp5"", `12826` = ""Col4a1"", `240505` = ""Cdc42bpg"", `217166` = ""Nr1d1"", 
`236920` = ""Stard8"", `71355` = ""Col24a1"", `224814` = ""Abcc10"", `13132` = ""Dab2"", `18707` = ""Pik3cd"", `13867` = ""Erbb3"", `12827` = ""Col4a2"", `15118` = ""Has3"", `20747` = ""Spop"", `56376` = ""Pdlim5"", `12843` = ""Col1a2"", `18595` = ""Pdgfra"")"
"19","HALLMARK_WNT_BETA_CATENIN_SIGNALING",3.72201404915394e-05,0.000232625878072121,0.557332238758646,-0.485131852611028,-2.03879466887838,58,"c(`16842` = ""Lef1"", `19206` = ""Ptch1"", `18128` = ""Notch1"", `12006` = ""Axin2"", `22420` = ""Wnt6"", `14534` = ""Kat2a"", `93960` = ""Nkd1"", `13544` = ""Dvl3"", `54485` = ""Dll4"", `20185` = ""Ncor1"", `208727` = ""Hdac4"", `18129` = ""Notch2"", `14369` = ""Fzd7"", `15213` = ""Hey1"", `103806` = ""Maml1"", `18131` = ""Notch3"", `27373` = ""Csnk1e"", `21414` = ""Tcf7"", `22059` = ""Trp53"", `15182` = ""Hdac2"", `12444` = ""Ccnd2"", `104318` = ""Csnk1d"", `19664` = ""Rbpj"", `13388` = ""Dll1"", `212398` = ""Frat2"", `232232` = ""Hdac11"", `59287` = ""Ncstn"", 
`12387` = ""Ctnnb1"", `14367` = ""Fzd5"", `11491` = ""Adam17"", `16480` = ""Jup"", `14677` = ""Gnai1"", `18222` = ""Numb"")"
"20","HALLMARK_KRAS_SIGNALING_DN",1.85539999714556e-09,3.09233332857594e-08,0.788186810800237,-0.402030361281022,-2.12961244771405,209,"c(`110308` = ""Krt5"", `16688` = ""Krt6b"", `22634` = ""Plagl1"", `20741` = ""Sptb"", `16665` = ""Krt15"", `331046` = ""Tgm4"", `13527` = ""Dtna"", `20743` = ""Sptbn2"", `93735` = ""Wnt16"", `16682` = ""Krt4"", `93874` = ""Pcdhb3"", `23966` = ""Tenm4"", `12614` = ""Celsr1"", `93887` = ""Pcdhb16"", `104271` = ""Tex15"", `93878` = ""Pcdhb7"", `16687` = ""Krt6a"", `227541` = ""Camk1d"", `64085` = ""Clstn2"", `93876` = ""Pcdhb5"", `13848` = ""Ephb6"", `23965` = ""Tenm3"", `230810` = ""Slc30a2"", `14183` = ""Fgfr2"", `18772` = ""Pkp1"", `328329` = ""Mast4"", 
`93883` = ""Pcdhb12"", `70355` = ""Gprc5c"", `56050` = ""Cyp39a1"", `18124` = ""Nr4a3"", `53883` = ""Celsr2"", `71279` = ""Slc29a3"", `18227` = ""Nr4a2"", `100727` = ""Ugt2b34"", `21410` = ""Hnf1b"", `21834` = ""Thrb"", `74645` = ""Tent5c"", `93875` = ""Pcdhb4"", `381022` = ""Kmt2d"", `20272` = ""Scn7a"", `70239` = ""Gtf3c5"", `22221` = ""Ubp1"", `67133` = ""Gp2"", `26914` = ""Macroh2a1"", `93880` = ""Pcdhb9"", `12290` = ""Cacna1e"", `14184` = ""Fgfr3"", `93882` = ""Pcdhb11"", `93885` = ""Pcdhb14"", `18007` = ""Neo1"", `117589` = ""Asb7"", `243085` = ""Ugt2b35"", 
`208922` = ""Cpeb3"", `12873` = ""Cpa3"", `404634` = ""Macroh2a2"", `15551` = ""Htr1b"", `12830` = ""Col4a5"", `546071` = ""Mast3"", `93888` = ""Pcdhb17"", `12266` = ""C3"", `109791` = ""Clps"", `107581` = ""Col16a1"", `66972` = ""Slc25a23"", `93890` = ""Pcdhb19"", `231051` = ""Kmt2c"", `106369` = ""Ypel1"", `17776` = ""Mast2"", `66106` = ""Smpx"", `13846` = ""Ephb4"", `13838` = ""Epha4"", `231207` = ""Cpeb2"", `13844` = ""Ephb2"", `20621` = ""Snn"", `16533` = ""Kcnmb1"", `56774` = ""Slc6a14"", `214597` = ""Sidt2"", `320007` = ""Sidt1"", `12831` = ""Col5a1"", 
`20682` = ""Sox9"", `19271` = ""Ptprj"", `18126` = ""Nos2"", `21808` = ""Tgfb2"", `16848` = ""Lfng"", `12333` = ""Capn1"", `12288` = ""Cacna1c"", `20742` = ""Sptbn1"", `19125` = ""Prodh"", `212943` = ""Tent5a"", `13841` = ""Epha7"", `21833` = ""Thra"")"
"21","HALLMARK_HEDGEHOG_SIGNALING",4.66025069521719e-06,4.66025069521719e-05,0.610526878385931,-0.557446231752663,-2.22290375982757,45,"c(`20423` = ""Shh"", `104001` = ""Rtn1"", `12614` = ""Celsr1"", `27494` = ""Amot"", `19206` = ""Ptch1"", `17880` = ""Myh11"", `16147` = ""Ihh"", `53883` = ""Celsr2"", `22253` = ""Unc5c"", `12571` = ""Cdk6"", `21887` = ""Tle3"", `20563` = ""Slit2"", `22240` = ""Dpysl3"", `23872` = ""Ets2"", `14766` = ""Adgrg1"", `16728` = ""L1cam"", `15213` = ""Hey1"", `18015` = ""Nf1"", `94190` = ""Ophn1"", `18186` = ""Nrp1"", `21888` = ""Tle4"", `77579` = ""Myh10"", `71960` = ""Myh14"", `18187` = ""Nrp2"")"
"22","HALLMARK_MITOTIC_SPINDLE",4.58799592469167e-23,2.29399796234584e-21,1.24623277191648,-0.483951653041283,-2.71131236631687,309,"c(`18541` = ""Pcnt"", `75547` = ""Akap13"", `329064` = ""Pkd2l1"", `13411` = ""Dnah11"", `20741` = ""Sptb"", `20743` = ""Sptbn2"", `12190` = ""Brca2"", `16560` = ""Kif1a"", `19687` = ""Rfc1"", `223435` = ""Trio"", `226778` = ""Mark1"", `17880` = ""Myh11"", `227377` = ""Farp2"", `16561` = ""Kif1b"", `217944` = ""Rapgef5"", `14086` = ""Fscn1"", `76707` = ""Clasp1"", `18128` = ""Notch1"", `11789` = ""Apc"", `226525` = ""Rasal2"", `21973` = ""Top2a"", `69632` = ""Arhgef12"", `224014` = ""Fgd4"", `117600` = ""Srgap1"", `109294` = ""Prex2"", `13424` = ""Dync1h1"", 
`110350` = ""Dync2h1"", `338372` = ""Map3k9"", `53791` = ""Tlr5"", `69926` = ""Dnah17"", `240641` = ""Kif20b"", `94176` = ""Dock2"", `66615` = ""Atg4b"", `21844` = ""Tiam1"", `208628` = ""Kntc1"", `214444` = ""Cdk5rap2"", `108000` = ""Cenpf"", `12009` = ""Cep131"", `232906` = ""Arhgap35"", `20662` = ""Sos1"", `74018` = ""Als2"", `75786` = ""Ckap5"", `16569` = ""Kif3b"", `13006` = ""Smc3"", `20740` = ""Sptan1"", `106952` = ""Arap3"", `11567` = ""Avil"", `259302` = ""Srgap3"", `240057` = ""Syngap1"", `16800` = ""Arhgef2"", `328580` = ""Tubgcp6"", 
`24001` = ""Tiam2"", `234214` = ""Sorbs2"", `20403` = ""Itsn2"", `24061` = ""Smc1a"", `232533` = ""Stk38l"", `330662` = ""Dock1"", `24050` = ""Septin3"", `238130` = ""Dock4"", `213498` = ""Arhgef11"", `21974` = ""Top2b"", `192786` = ""Rapgef6"", `72416` = ""Lrpprc"", `70799` = ""Cep192"", `68097` = ""Dynll2"", `223254` = ""Farp1"", `108686` = ""Ccdc88a"", `13383` = ""Dlg1"", `22330` = ""Vcl"", `226751` = ""Cdc42bpa"", `18129` = ""Notch2"", `18080` = ""Nin"", `18536` = ""Pcm1"", `99371` = ""Arfgef2"", `16573` = ""Kif5b"", `22137` = ""Ttk"", `18131` = ""Notch3"", 
`27373` = ""Csnk1e"", `18015` = ""Nf1"", `16570` = ""Kif3c"", `110279` = ""Bcr"", `11350` = ""Abl1"", `16563` = ""Kif2a"", `23947` = ""Mid2"", `234878` = ""Map3k21"", `108903` = ""Tbcd"", `110380` = ""Shroom2"", `94190` = ""Ophn1"", `231912` = ""Katnal1"", `381921` = ""Taok2"", `16443` = ""Itsn1"", `16568` = ""Kif3a"", `330177` = ""Taok3"", `15185` = ""Hdac6"", `16328` = ""Cep250"", `16897` = ""Llgl1"", `56699` = ""Cdc42ep4"", `64930` = ""Tsc1"", `77579` = ""Myh10"", `104318` = ""Csnk1d"", `71960` = ""Myh14"", `72333` = ""Palld"", `384059` = ""Tlr12"", 
`16798` = ""Lats1"", `228012` = ""Tlk1"", `231637` = ""Ssh1"", `74334` = ""Ranbp10"", `101706` = ""Numa1"", `11352` = ""Abl2"", `229841` = ""Cenpe"", `68339` = ""Ccdc88c"", `20853` = ""Stau1"", `226407` = ""Rab3gap1"", `104445` = ""Cdc42ep1"", `217866` = ""Cdc42bpb"", `227800` = ""Rabgap1"", `237860` = ""Ssh2"", `13728` = ""Mark2"", `12125` = ""Bcl2l11"", `236266` = ""Alms1"", `83767` = ""Wasf1"", `269587` = ""Epb41"", `26920` = ""Cntrl"", `72119` = ""Tpx2"", `72776` = ""Sass6"", `18764` = ""Pkd2"", `69601` = ""Dab2ip"", `76499` = ""Clasp2"", `68724` = ""Arl8a"", 
`20663` = ""Sos2"", `17925` = ""Myo9b"", `77963` = ""Hook1"", `209737` = ""Kif15"", `216965` = ""Taok1"", `16907` = ""Lmnb2"", `14163` = ""Fgd1"", `19877` = ""Rock1"", `218397` = ""Rasa1"", `68813` = ""Dock5"", `12333` = ""Capn1"", `20742` = ""Sptbn1"", `16562` = ""Kif1c"", `242687` = ""Wasf2"", `16906` = ""Lmnb1"", `286940` = ""Flnb"", `101497` = ""Plekhg2"", `56430` = ""Clip1"", `19765` = ""Ralbp1"", `217325` = ""Llgl2"", `54126` = ""Arhgef7"", `240505` = ""Cdc42bpg"", `16551` = ""Kif11"", `71602` = ""Myo1e"", `217232` = ""Cdc27"", `105988` = ""Espl1"", 
`211673` = ""Arfgef1"", `109934` = ""Abr"", `18472` = ""Pafah1b1"", `109711` = ""Actn1"", `276919` = ""Gemin4"", `53860` = ""Septin9"", `73341` = ""Arhgef6"", `73804` = ""Kif2c"", `212285` = ""Arap2"", `56376` = ""Pdlim5"", `78757` = ""Rictor"", `16579` = ""Kifap3"", `13518` = ""Dst"", `17886` = ""Myh9"", `16571` = ""Kif4"", `238463` = ""Tubal3"", `11855` = ""Arhgap5"", `74237` = ""Tubgcp2"", `219103` = ""Cenpj"", `73178` = ""Wasl"", `12334` = ""Capn2"", `24086` = ""Tlk2"", `60595` = ""Actn4"", `17118` = ""Marcks"", `13998` = ""Fgd6"", `17120` = ""Mad1l1"", 
`233406` = ""Prc1"")"
